[
  { "name": "Antanas", "year": 1, "grade": 6.96 },
  { "name": "Kazys", "year": 2, "grade": 8.65 },
  { "name": "Petras", "year": 2, "grade": 7.01 },
  { "name": "Sonata", "year": 3, "grade": 9.13 },
  { "name": "Jonas", "year": 1, "grade": 6.95 },
  { "name": "Martynas", "year": 3, "grade": 9.13 },
  { "name": "Arturas", "year": 2, "grade": 7.01 },
  { "name": "Vacys", "year": 2, "grade": 8.65 },
  { "name": "Robertas", "year": 3, "grade": 6.43 },
  { "name": "Mykolas", "year": 1, "grade": 6.95 },
  { "name": "Aldona", "year": 3, "grade": 9.13 },
  { "name": "Asta", "year": 2, "grade": 7.01 },
  { "name": "Viktoras", "year": 2, "grade": 8.66 },
  { "name": "Arturas", "year": 5, "grade": 8.32 },
  { "name": "Vytas", "year": 3, "grade": 7.88 },
  { "name": "Jonas", "year": 1, "grade": 6.95 },
  { "name": "Zigmas", "year": 3, "grade": 9.13 },
  { "name": "Arturas", "year": 2, "grade": 7.01 },
  { "name": "Benas", "year": 1, "grade": 8.43 },
  { "name": "Kazys", "year": 2, "grade": 8.0 },
  { "name": "Tomas", "year": 3, "grade": 5.1 },
  { "name": "Edgaras", "year": 3, "grade": 10.0 },
  { "name": "Evaldas", "year": 3, "grade": 10.0 },
  { "name": "Donatas", "year": 3, "grade": 1.0 },
  { "name": "Simas", "year": 3, "grade": 6.43 }
]
